{"cameraMode":{"drawMode":0,"name":"Shaded","section":"Shading Mode"},"sceneLighting":true,"audioPlay":false,"sceneViewState":{"m_AlwaysRefresh":false,"showFog":true,"showSkybox":true,"showFlares":true,"showImageEffects":true,"showParticleSystems":true,"showVisualEffectGraphs":true,"m_FxEnabled":true},"in2DMode":false,"pivot":{"x":0.10651101171970368,"y":0.8387776613235474,"z":-9.339405059814454},"rotation":{"x":0.7117617130279541,"y":0.00482529029250145,"z":-0.004918500781059265,"w":0.7024197578430176},"size":6.636957168579102,"orthographic":false}